[
  {
    "Id": "532925",
    "ThreadId": "237599",
    "Html": "\r\n<p>&nbsp;</p>\r\n<div id=\"x_x_gt-form-c\">\r\n<div id=\"x_x_gt-res-c\">\r\n<div id=\"x_x_gt-res-p\">\r\n<div id=\"x_x_gt-res-data\">\r\n<div id=\"x_x_gt-res-content\">\r\n<div dir=\"ltr\"><span id=\"x_x_result_box\" lang=\"en\"><span>First, thanks for the project.<br>\r\n</span><span>Second, I'm from chile, so English is a translator (google translator).<br>\r\n</span><span>Witty I'm using for some time about two years.<br>\r\n</span><span>I want to say I had some problems when used with Windows Vista and now Windows 7 is repeated.<br>\r\n</span><span>The main problem is that it shows me the messages of those who follow, but if I sent.<br>\r\n</span><span>It will be a particular version or are working on this?</span></span>\r\n<div><span><span>At first everything was fine until the update on Windows Vista SP2 and to say with windows 7<br>\r\n</span><span>Greetings and would appreciate a response.&nbsp;</span><span>The beauty of this program is that you have to install adobe air and therefore consumes few resources.</span><br>\r\n</span></div>\r\n</div>\r\n</div>\r\n</div>\r\n</div>\r\n</div>\r\n</div>\r\n<p>&nbsp;</p>\r\n",
    "PostedDate": "2010-12-08T07:56:15.783-08:00",
    "UserRole": null,
    "MarkedAsAnswerDate": null
  }
]