[
  {
    "Id": "538158",
    "ThreadId": "238970",
    "Html": "\r\n<p>Hello,</p>\r\n<p>I am teacher to blind people, is there a possibility to do more tests with the free screenreader\r\n<a href=\"http://www.nvda-project.org/\">www.nvda-project.org</a> because I like the way you work with twitter, but the google project quoththetwitter\r\n<a href=\"http://code.google.com/p/quoththetwitter/\">http://code.google.com/p/quoththetwitter/</a>&nbsp;is nvda-compatible but not that good as witty &#43; problems to&nbsp; to sign in into quoththetwitter!<br>\r\nWhat I like about qouththetwitter = simple text-line menu &#43; textsize bigger smaller &#43; color change possible!!<br>\r\nMaybe there is a possibility that this can also be integrated into witty twitter?<br>\r\n&#43; translating possibility? &nbsp;= example&nbsp;for this is&nbsp;the twittersoftware:\r\n<a href=\"http://www.sharefirereader.com/\">http://www.sharefirereader.com/</a>&nbsp;</p>\r\n<p>Can be in this witty twitter also&nbsp;rss-compatibility like = <a href=\"http://code.google.com/p/readair\">\r\nhttp://code.google.com/p/readair</a> or <a href=\"http://www.mobipocket.com/en/DownloadSoft/ProductDetailsReader.asp\">\r\nhttp://www.mobipocket.com/en/DownloadSoft/ProductDetailsReader.asp</a></p>\r\n<p>Please can you help me to make witty twitter blind-accessible because you already have shortcuts but the ARROW down, up, left right seems not to work when a menu is selected. Also the buttons in the top are not screenreader labeled..</p>\r\n<p>thanks to work on that!</p>\r\n<p>Karel Rosseel<br>\r\nict-teacher blinds people 18&#43;</p>\r\n",
    "PostedDate": "2010-12-20T00:58:30.39-08:00",
    "UserRole": null,
    "MarkedAsAnswerDate": null
  }
]