[
  {
    "Id": "0",
    "Name": "Witty 2.5",
    "DevelopmentStatus": "Beta",
    "Description": "Hey! Witty's caught up with this 2010 OAuth thing! And it's got ClickOnce on CodePlex and .NET 4 Client Profile. And Moxie(tm)!",
    "ReleasedDatge": "0001-01-01T00:00:00",
    "ModifiedDate": "2010-10-18T01:28:44.403-07:00",
    "Files": [
      {
        "Id": "916bead2-8c57-4d9f-bc0f-68ba88dcc1ac",
        "FileName": "Witty.application",
        "Url": "./0/916bead2-8c57-4d9f-bc0f-68ba88dcc1ac",
        "Type": "Application",
        "UploadDate": "2010-10-18T01:20:07.93-07:00"
      }
    ]
  }
]